{"coverage": 84.51043338683787, "raw_data": {"meta": {"version": "7.4.0", "timestamp": "2024-01-19T10:14:22.668302", "branch_coverage": false, "show_contexts": false}, "files": {"src/app.py": {"executed_lines": [1, 3, 4, 5, 7, 8, 9, 12, 13, 14, 20, 21, 24, 30], "summary": {"covered_lines": 14, "num_statements": 20, "percent_covered": 70.0, "percent_covered_display": "70", "missing_lines": 6, "excluded_lines": 0}, "missing_lines": [15, 16, 18, 26, 27, 31], "excluded_lines": []}, "src/cloud_services.py": {"executed_lines": [1, 3, 4, 6, 7, 9, 10, 13, 24, 30, 34, 35, 42, 43, 47, 48, 52, 67, 68, 71, 77, 83, 89, 104, 106, 112, 114, 115, 118, 120, 123, 126, 128, 129, 135], "summary": {"covered_lines": 35, "num_statements": 58, "percent_covered": 60.3448275862069, "percent_covered_display": "60", "missing_lines": 23, "excluded_lines": 0}, "missing_lines": [15, 26, 27, 60, 61, 64, 65, 73, 74, 79, 80, 85, 86, 91, 92, 93, 98, 99, 100, 101, 113, 136, 137], "excluded_lines": []}, "src/config.py": {"executed_lines": [1, 22, 23, 24, 26, 28, 31, 37, 39, 40, 42, 43, 44, 45, 48, 50, 51, 52, 54, 55, 56, 58, 59, 62, 63, 64, 67], "summary": {"covered_lines": 26, "num_statements": 29, "percent_covered": 89.65517241379311, "percent_covered_display": "90", "missing_lines": 3, "excluded_lines": 0}, "missing_lines": [49, 61, 69], "excluded_lines": []}, "src/controllers/__init__.py": {"executed_lines": [1], "summary": {"covered_lines": 0, "num_statements": 0, "percent_covered": 100.0, "percent_covered_display": "100", "missing_lines": 0, "excluded_lines": 0}, "missing_lines": [], "excluded_lines": []}, "src/controllers/auth.py": {"executed_lines": [1, 2, 4, 5, 6, 8, 9, 12, 13, 15, 16, 18, 23, 24, 25, 26, 27, 28, 29, 31, 32, 34], "summary": {"covered_lines": 20, "num_statements": 20, "percent_covered": 100.0, "percent_covered_display": "100", "missing_lines": 0, "excluded_lines": 0}, "missing_lines": [], "excluded_lines": []}, "src/controllers/helper.py": {"executed_lines": [1, 2, 3, 4, 5, 7, 9, 10, 11, 12, 13, 14, 16, 18, 19, 22, 25, 26, 27, 28, 29, 30, 31, 32, 33, 34, 35, 36, 37, 38, 39, 40, 55, 57, 60, 67, 68, 69, 70, 71, 72, 73, 74, 76, 77, 79, 82, 83, 84, 85, 86, 88, 89, 92, 95, 96, 97, 98, 99, 100, 101, 102, 104, 105, 106, 107, 108, 110, 113, 114], "summary": {"covered_lines": 69, "num_statements": 80, "percent_covered": 86.25, "percent_covered_display": "86", "missing_lines": 11, "excluded_lines": 0}, "missing_lines": [41, 42, 43, 46, 47, 48, 49, 50, 51, 52, 53], "excluded_lines": []}, "src/controllers/models.py": {"executed_lines": [1, 2, 3, 5, 6, 7, 9, 10, 12, 15, 16, 18, 19, 20, 21, 22, 23, 24, 27, 28, 29, 31, 32, 33, 36, 37, 39, 44, 45, 47, 50, 51, 53, 56, 57, 59, 62, 63, 66, 67, 70, 71, 73, 74, 76, 78, 80, 82, 85, 86, 88, 89, 91, 93, 94, 99, 101, 102, 103, 104, 106, 111, 113, 114, 117, 118, 120, 121, 123, 128, 130, 131, 133, 138, 148, 149, 150, 151, 153, 154, 155, 156, 157, 164, 170, 173, 174, 176, 179, 180, 182, 183, 184, 185, 188, 189, 191, 192, 193, 194, 197, 198, 203, 204, 205, 206, 209, 210, 212, 215, 216, 218, 219, 220, 221, 224, 225, 227, 228, 231, 232, 234, 235], "summary": {"covered_lines": 104, "num_statements": 114, "percent_covered": 91.2280701754386, "percent_covered_display": "91", "missing_lines": 10, "excluded_lines": 0}, "missing_lines": [79, 81, 108, 109, 135, 136, 152, 158, 161, 162], "excluded_lines": []}, "src/controllers/users/auth.py": {"executed_lines": [1, 2, 4, 5, 6, 7, 8, 9, 10, 11, 12, 16, 17, 18, 24, 25, 26, 29, 30, 31, 32, 33, 41, 42], "summary": {"covered_lines": 23, "num_statements": 25, "percent_covered": 92.0, "percent_covered_display": "92", "missing_lines": 2, "excluded_lines": 0}, "missing_lines": [27, 28], "excluded_lines": []}, "src/controllers/users/create.py": {"executed_lines": [1, 3, 4, 5, 6, 7, 8, 12, 13, 14, 15, 21, 22, 23, 24, 25, 26, 27, 28, 29, 30, 31], "summary": {"covered_lines": 22, "num_statements": 22, "percent_covered": 100.0, "percent_covered_display": "100", "missing_lines": 0, "excluded_lines": 0}, "missing_lines": [], "excluded_lines": []}, "src/controllers/users/delete.py": {"executed_lines": [1, 2, 3, 4, 5, 6, 10, 11, 12, 13, 18, 20, 21, 22, 23, 24, 25, 26], "summary": {"covered_lines": 18, "num_statements": 19, "percent_covered": 94.73684210526316, "percent_covered_display": "95", "missing_lines": 1, "excluded_lines": 0}, "missing_lines": [19], "excluded_lines": []}, "src/controllers/users/get.py": {"executed_lines": [1, 3, 4, 5, 6, 7, 8, 12, 13, 14, 16, 18, 20, 21], "summary": {"covered_lines": 14, "num_statements": 16, "percent_covered": 87.5, "percent_covered_display": "88", "missing_lines": 2, "excluded_lines": 0}, "missing_lines": [19, 22], "excluded_lines": []}, "src/controllers/users/list.py": {"executed_lines": [1, 3, 4, 5, 6, 7, 8, 9, 11, 15, 16, 17, 18, 26, 30, 31, 32, 33, 34, 36, 37, 38, 39, 41, 45, 46, 47, 53, 54, 55, 59, 60, 61, 62, 63], "summary": {"covered_lines": 35, "num_statements": 42, "percent_covered": 83.33333333333333, "percent_covered_display": "83", "missing_lines": 7, "excluded_lines": 0}, "missing_lines": [35, 40, 42, 48, 49, 50, 51], "excluded_lines": []}, "src/controllers/users/update.py": {"executed_lines": [1, 3, 4, 5, 6, 7, 8, 12, 13, 14, 15, 17, 18, 19, 20, 25, 30, 31, 32, 33, 34, 35], "summary": {"covered_lines": 22, "num_statements": 24, "percent_covered": 91.66666666666667, "percent_covered_display": "92", "missing_lines": 2, "excluded_lines": 0}, "missing_lines": [21, 26], "excluded_lines": []}, "src/controllers/version.py": {"executed_lines": [1, 2, 3, 6], "summary": {"covered_lines": 3, "num_statements": 7, "percent_covered": 42.857142857142854, "percent_covered_display": "43", "missing_lines": 4, "excluded_lines": 0}, "missing_lines": [8, 9, 10, 11], "excluded_lines": []}, "src/db/conn.py": {"executed_lines": [1, 2, 4, 5, 6, 8, 9, 10, 11, 12, 13, 14, 16, 17, 20, 22, 23, 25, 28, 29, 37, 42, 43, 45, 50, 54, 55, 56, 58, 59, 60, 61, 62, 63, 64, 65, 66, 69, 72, 73, 74, 75, 76, 77, 78, 79, 81, 84, 86, 87, 88, 89, 90, 91], "summary": {"covered_lines": 53, "num_statements": 53, "percent_covered": 100.0, "percent_covered_display": "100", "missing_lines": 0, "excluded_lines": 0}, "missing_lines": [], "excluded_lines": []}, "src/db/models.py": {"executed_lines": [1, 3, 4, 5, 6, 8, 9, 10, 11, 14, 15, 17, 18, 20, 22, 23, 28, 29, 30, 32, 33, 36, 40, 48, 49, 51, 52, 53, 54, 59, 63, 71, 75, 80, 81, 83, 84, 89, 90, 91, 99, 100, 103, 104, 108, 109, 113, 114, 119, 121, 122, 127, 128, 129, 131, 132, 134, 135, 139, 141, 144, 145, 152, 153, 155], "summary": {"covered_lines": 62, "num_statements": 68, "percent_covered": 91.17647058823529, "percent_covered_display": "91", "missing_lines": 6, "excluded_lines": 0}, "missing_lines": [31, 77, 111, 130, 137, 154], "excluded_lines": []}, "src/flask_server/__init__.py": {"executed_lines": [1], "summary": {"covered_lines": 0, "num_statements": 0, "percent_covered": 100.0, "percent_covered_display": "100", "missing_lines": 0, "excluded_lines": 0}, "missing_lines": [], "excluded_lines": []}, "src/journaling.py": {"executed_lines": [1, 11, 12, 13, 14, 15, 17, 19, 21, 22, 23, 24, 25, 26, 31, 33, 34, 41, 42, 45, 47, 48, 49, 50, 53, 54, 56, 58, 59, 60, 61, 62, 63, 64, 67, 70, 71, 72, 73, 74, 75, 77, 78, 80, 82, 83, 88, 90, 91, 96], "summary": {"covered_lines": 48, "num_statements": 52, "percent_covered": 92.3076923076923, "percent_covered_display": "92", "missing_lines": 4, "excluded_lines": 0}, "missing_lines": [36, 97, 98, 99], "excluded_lines": []}, "src/jwt_token.py": {"executed_lines": [1, 5, 6, 7, 9, 10, 11, 12, 14, 15, 17, 18, 19, 22, 23, 25, 26, 28, 29, 31, 32, 35, 36, 37, 38, 39, 40, 42, 43, 45, 46, 49, 50, 51, 52, 54, 56, 58, 60, 61, 66, 67, 68, 69, 71, 72, 74, 76, 77, 79, 82], "summary": {"covered_lines": 49, "num_statements": 49, "percent_covered": 100.0, "percent_covered_display": "100", "missing_lines": 0, "excluded_lines": 0}, "missing_lines": [], "excluded_lines": []}, "src/openapi_server/api_app.py": {"executed_lines": [1, 3, 5, 6, 7],